area_identifier,area_name_en,area_name_ms,person_name_en,person_name_ms,post_role_en,post_role_ms,post_label_en,post_label_ms,on_behalf_of_name_en,on_behalf_of_name_ms,actual_party,start_date,end_date,person_id,membership_id,post_id,area_id,on_behalf_of_id
P041/N01,Penaga,Penaga,Mohd Yusni Mat Piah,Mohd Yusni Bin Mat Piah,GE14 Candidate for Pulau Pinang Assembly,,GE14 Candidate State Representative for Penaga,,Malaysian Islamic Party,Parti Islam Se-Malaysia,PAS,,,Autofilled,Autofilled,Autofilled,Autofilled,Autofilled
P041/N01,Penaga,Penaga,Mohd Zain Ahmad,Mohd Zain Bin Ahmad,GE14 Candidate for Pulau Pinang Assembly,,GE14 Candidate State Representative for Penaga,,National Front,Barisan Nasional,UMNO,,,Autofilled,Autofilled,Autofilled,Autofilled,Autofilled
P041/N02,Bertam,Bertam,Khaliq Mehtab Mohd Ishaq,Khaliq Mehtab Bin Mohd Ishaq,GE14 Candidate for Pulau Pinang Assembly,,GE14 Candidate State Representative for Bertam,,People’s Justice Party,Parti Keadilan Rakyat,PPBM,,,Autofilled,Autofilled,Autofilled,Autofilled,Autofilled
P041/N02,Bertam,Bertam,Mokhtar Ramly,Mokhtar Bin Ramly,GE14 Candidate for Pulau Pinang Assembly,,GE14 Candidate State Representative for Bertam,,Malaysian Islamic Party,Parti Islam Se-Malaysia,PAS,,,Autofilled,Autofilled,Autofilled,Autofilled,Autofilled
P041/N02,Bertam,Bertam,Shariful Azhar Othman,Shariful Azhar Bin Othman,GE14 Candidate for Pulau Pinang Assembly,,GE14 Candidate State Representative for Bertam,,National Front,Barisan Nasional,UMNO,,,Autofilled,Autofilled,Autofilled,Autofilled,Autofilled
P041/N03,Pinang Tunggal,Pinang Tunggal,Ahmad Zaki Yuddin Abd Rahman,Ahmad Zaki Yuddin Bin Abd Rahman,GE14 Candidate for Pulau Pinang Assembly,,GE14 Candidate State Representative for Pinang Tunggal,,People’s Justice Party,Parti Keadilan Rakyat,PKR,,,Autofilled,Autofilled,Autofilled,Autofilled,Autofilled
P041/N03,Pinang Tunggal,Pinang Tunggal,Bukhori Ghazali,Bukhori Bin Ghazali,GE14 Candidate for Pulau Pinang Assembly,,GE14 Candidate State Representative for Pinang Tunggal,,Malaysian Islamic Party,Parti Islam Se-Malaysia,PAS,,,Autofilled,Autofilled,Autofilled,Autofilled,Autofilled
P041/N03,Pinang Tunggal,Pinang Tunggal,Roslan Saidin,Roslan Bin Saidin,GE14 Candidate for Pulau Pinang Assembly,,GE14 Candidate State Representative for Pinang Tunggal,,National Front,Barisan Nasional,UMNO,,,Autofilled,Autofilled,Autofilled,Autofilled,Autofilled
P042/N04,Permatang Berangan,Permatang Berangan,Azman Shah Othman,Azman Shah Bin Othman,GE14 Candidate for Pulau Pinang Assembly,,GE14 Candidate State Representative for Permatang Berangan,,Malaysian People's Party,Parti Rakyat Malaysia,PRM,,,Autofilled,Autofilled,Autofilled,Autofilled,Autofilled
P042/N04,Permatang Berangan,Permatang Berangan,Mohd Sobri Saleh,Mohd Sobri Bin Saleh,GE14 Candidate for Pulau Pinang Assembly,,GE14 Candidate State Representative for Permatang Berangan,,Malaysian Islamic Party,Parti Islam Se-Malaysia,PAS,,,Autofilled,Autofilled,Autofilled,Autofilled,Autofilled
P042/N04,Permatang Berangan,Permatang Berangan,Mohd Shariff Omar,Mohd Shariff Bin Omar,GE14 Candidate for Pulau Pinang Assembly,,GE14 Candidate State Representative for Permatang Berangan,,People’s Justice Party,Parti Keadilan Rakyat,PPBM,,,Autofilled,Autofilled,Autofilled,Autofilled,Autofilled
P042/N04,Permatang Berangan,Permatang Berangan,Nor Hafizah Othman,Nor Hafizah Binti Othman,GE14 Candidate for Pulau Pinang Assembly,,GE14 Candidate State Representative for Permatang Berangan,,National Front,Barisan Nasional,UMNO,,,Autofilled,Autofilled,Autofilled,Autofilled,Autofilled
P042/N05,Sungai Dua,Sungai Dua,Muhamad Yusoff Mohd Noor,Muhamad Yusoff Bin Mohd Noor,GE14 Candidate for Pulau Pinang Assembly,,GE14 Candidate State Representative for Sungai Dua,,National Front,Barisan Nasional,UMNO,,,,,,,
P042/N05,Sungai Dua,Sungai Dua,Yusri Isahak,Yusri Bin Isahak,GE14 Candidate for Pulau Pinang Assembly,,GE14 Candidate State Representative for Sungai Dua,,People’s Justice Party,Parti Keadilan Rakyat,AMANAH,,,,,,,
P042/N05,Sungai Dua,Sungai Dua,Zahadi Mohd,Zahadi Bin Mohd,GE14 Candidate for Pulau Pinang Assembly,,GE14 Candidate State Representative for Sungai Dua,,Malaysian Islamic Party,Parti Islam Se-Malaysia,PAS,,,,,,,
P042/N06,Telok Ayer Tawar,Telok Ayer Tawar,Lee Thian Hong,Lee Thian Hong,GE14 Candidate for Pulau Pinang Assembly,,GE14 Candidate State Representative for Telok Ayer Tawar,,Malaysian People's Party,Parti Rakyat Malaysia,PRM,,,,,,,
P042/N06,Telok Ayer Tawar,Telok Ayer Tawar,Mohamad Hanif Haron,Mohamad Hanif Bin Haron,GE14 Candidate for Pulau Pinang Assembly,,GE14 Candidate State Representative for Telok Ayer Tawar,,Malaysian Islamic Party,Parti Islam Se-Malaysia,PAS,,,,,,,
P042/N06,Telok Ayer Tawar,Telok Ayer Tawar,Mustafa Kamal Ahmad,Mustafa Kamal Bin Ahmad,GE14 Candidate for Pulau Pinang Assembly,,GE14 Candidate State Representative for Telok Ayer Tawar,,People’s Justice Party,Parti Keadilan Rakyat,PKR,,,,,,,
P042/N06,Telok Ayer Tawar,Telok Ayer Tawar,Zamri Che Ros,Zamri Bin Che Ros,GE14 Candidate for Pulau Pinang Assembly,,GE14 Candidate State Representative for Telok Ayer Tawar,,National Front,Barisan Nasional,UMNO,,,,,,,
P043/N07,Sungai Puyu,Sungai Puyu,Lim Hai Song,Lim Hai Song,GE14 Candidate for Pulau Pinang Assembly,,GE14 Candidate State Representative for Sungai Puyu,,National Front,Barisan Nasional,UMNO,,,,,,,
P043/N07,Sungai Puyu,Sungai Puyu,Neoh Bok Keng,Neoh Bok Keng,GE14 Candidate for Pulau Pinang Assembly,,GE14 Candidate State Representative for Sungai Puyu,,Malaysian United Party,Parti Bersama Malaysia,MU,,,,,,,
P043/N07,Sungai Puyu,Sungai Puyu,Ong Yin Yin,Ong Yin Yin,GE14 Candidate for Pulau Pinang Assembly,,GE14 Candidate State Representative for Sungai Puyu,,Penang Front Party,Penang Front Party,PFP,,,,,,,
P043/N07,Sungai Puyu,Sungai Puyu,Phee Boon Poh,Phee Boon Poh,GE14 Candidate for Pulau Pinang Assembly,,GE14 Candidate State Representative for Sungai Puyu,,People’s Justice Party,Parti Keadilan Rakyat,DAP,,,,,,,
P043/N07,Sungai Puyu,Sungai Puyu,Tan Lay Hock,Tan Lay Hock,GE14 Candidate for Pulau Pinang Assembly,,GE14 Candidate State Representative for Sungai Puyu,,Malaysian People's Party,Parti Rakyat Malaysia,PRM,,,,,,,
P043/N08,Bagan Jermal,Bagan Jermal,Ang Chor Keong,Ang Chor Keong,GE14 Candidate for Pulau Pinang Assembly,,GE14 Candidate State Representative for Bagan Jermal,,National Front,Barisan Nasional,MCA,,,,,,,
P043/N08,Bagan Jermal,Bagan Jermal,Fabian George Albart,Fabian George Albart,GE14 Candidate for Pulau Pinang Assembly,,GE14 Candidate State Representative for Bagan Jermal,,Penang Front Party,Penang Front Party,PFP,,,,,,,
P043/N08,Bagan Jermal,Bagan Jermal,Hari Devyndran Muniswaran,Hari Devyndran A/L Muniswaran,GE14 Candidate for Pulau Pinang Assembly,,GE14 Candidate State Representative for Bagan Jermal,,Malaysian United Party,Parti Bersama Malaysia,MU,,,,,,,
P043/N08,Bagan Jermal,Bagan Jermal,Soon Lip Chee,Soon Lip Chee,GE14 Candidate for Pulau Pinang Assembly,,GE14 Candidate State Representative for Bagan Jermal,,People’s Justice Party,Parti Keadilan Rakyat,DAP,,,,,,,
P043/N08,Bagan Jermal,Bagan Jermal,Teoh Chai Deng,Teoh Chai Deng,GE14 Candidate for Pulau Pinang Assembly,,GE14 Candidate State Representative for Bagan Jermal,,Malaysian People's Party,Parti Rakyat Malaysia,PRM,,,,,,,
P043/N09,Bagan Dalam,Bagan Dalam,Dhinagaran Jayabalan,Dhinagaran A/L Jayabalan,GE14 Candidate for Pulau Pinang Assembly,,GE14 Candidate State Representative for Bagan Dalam,,National Front,Barisan Nasional,MIC,,,,,,,
P043/N09,Bagan Dalam,Bagan Dalam,Jasper Ooi Zong Han,Jasper Ooi Zong Han,GE14 Candidate for Pulau Pinang Assembly,,GE14 Candidate State Representative for Bagan Dalam,,Penang Front Party,Penang Front Party,PFP,,,,,,,
P043/N09,Bagan Dalam,Bagan Dalam,Satess Muniandy,Satess A/L Muniandy,GE14 Candidate for Pulau Pinang Assembly,,GE14 Candidate State Representative for Bagan Dalam,,People’s Justice Party,Parti Keadilan Rakyat,DAP,,,,,,,
P043/N09,Bagan Dalam,Bagan Dalam,Teoh Huck Ping,Teoh Huck Ping,GE14 Candidate for Pulau Pinang Assembly,,GE14 Candidate State Representative for Bagan Dalam,,Malaysian People's Party,Parti Rakyat Malaysia,PRM,,,,,,,
P043/N09,Bagan Dalam,Bagan Dalam,Teoh Uat Lye,Teoh Uat Lye,GE14 Candidate for Pulau Pinang Assembly,,GE14 Candidate State Representative for Bagan Dalam,,Malaysian United Party,Parti Bersama Malaysia,MU,,,,,,,
P044/N10,Seberang Jaya,Seberang Jaya,Abu Bakar Sidekh Zainul Abidin,Abu Bakar Sidekh Bin Zainul Abidin,GE14 Candidate for Pulau Pinang Assembly,,GE14 Candidate State Representative for Seberang Jaya,,National Front,Barisan Nasional,UMNO,,,,,,,
P044/N10,Seberang Jaya,Seberang Jaya,Afif Bahardin,Afif Bin Bahardin,GE14 Candidate for Pulau Pinang Assembly,,GE14 Candidate State Representative for Seberang Jaya,,People’s Justice Party,Parti Keadilan Rakyat,PKR,,,,,,,
P044/N10,Seberang Jaya,Seberang Jaya,Ahmad Rafaei A Rashid,Ahmad Rafaei Bin A Rashid,GE14 Candidate for Pulau Pinang Assembly,,GE14 Candidate State Representative for Seberang Jaya,,Malaysian Islamic Party,Parti Islam Se-Malaysia,PAS,,,,,,,
P044/N11,Permatang Pasir,Permatang Pasir,Anuar Faisal Yahaya,Anuar Faisal Bin Yahaya,GE14 Candidate for Pulau Pinang Assembly,,GE14 Candidate State Representative for Permatang Pasir,,National Front,Barisan Nasional,UMNO,,,,,,,
P044/N11,Permatang Pasir,Permatang Pasir,Muhammad Faiz Fadzil,Muhammad Faiz Bin Fadzil,GE14 Candidate for Pulau Pinang Assembly,,GE14 Candidate State Representative for Permatang Pasir,,People’s Justice Party,Parti Keadilan Rakyat,AMANAH,,,,,,,
P044/N11,Permatang Pasir,Permatang Pasir,Muhammad Fauzi Yusoff,Muhammad Fauzi Bin Yusoff,GE14 Candidate for Pulau Pinang Assembly,,GE14 Candidate State Representative for Permatang Pasir,,Malaysian Islamic Party,Parti Islam Se-Malaysia,PAS,,,,,,,
P044/N12,Penanti,Penanti,Muhammad Fawwaz Mohamad Jan,Muhammad Fawwaz Bin Mohamad Jan,GE14 Candidate for Pulau Pinang Assembly,,GE14 Candidate State Representative for Penanti,,Malaysian Islamic Party,Parti Islam Se-Malaysia,PAS,,,,,,,
P044/N12,Penanti,Penanti,Norlela Ariffin,Norlela Binti Ariffin,GE14 Candidate for Pulau Pinang Assembly,,GE14 Candidate State Representative for Penanti,,People’s Justice Party,Parti Keadilan Rakyat,PKR,,,,,,,
P044/N12,Penanti,Penanti,Suhaimi Sabudin,Suhaimi Bin Sabudin,GE14 Candidate for Pulau Pinang Assembly,,GE14 Candidate State Representative for Penanti,,National Front,Barisan Nasional,UMNO,,,,,,,
P045/N13,Berapit,Berapit,Goh Swee Gim,Goh Swee Gim,GE14 Candidate for Pulau Pinang Assembly,,GE14 Candidate State Representative for Berapit,,National Front,Barisan Nasional,MCA,,,,,,,
P045/N13,Berapit,Berapit,Heng Lee Lee,Heng Lee Lee,GE14 Candidate for Pulau Pinang Assembly,,GE14 Candidate State Representative for Berapit,,People’s Justice Party,Parti Keadilan Rakyat,DAP,,,,,,,
P045/N13,Berapit,Berapit,Lee Poh Kong,Lee Poh Kong,GE14 Candidate for Pulau Pinang Assembly,,GE14 Candidate State Representative for Berapit,,Penang Front Party,Penang Front Party,PFP,,,,,,,
P045/N13,Berapit,Berapit,Song Chee Meng,Song Chee Meng,GE14 Candidate for Pulau Pinang Assembly,,GE14 Candidate State Representative for Berapit,,Malaysian People's Party,Parti Rakyat Malaysia,PRM,,,,,,,
P045/N14,Machang Bubuk,Machang Bubuk,Lee Khai Loon,Lee Khai Loon,GE14 Candidate for Pulau Pinang Assembly,,GE14 Candidate State Representative for Machang Bubuk,,People’s Justice Party,Parti Keadilan Rakyat,PKR,,,,,,,
P045/N14,Machang Bubuk,Machang Bubuk,Lim Jhun Hou,Lim Jhun Hou,GE14 Candidate for Pulau Pinang Assembly,,GE14 Candidate State Representative for Machang Bubuk,,Malaysian United Party,Parti Bersama Malaysia,MU,,,,,,,
P045/N14,Machang Bubuk,Machang Bubuk,Md Jamil Abd Rahman,Md Jamil Bin Abd Rahman,GE14 Candidate for Pulau Pinang Assembly,,GE14 Candidate State Representative for Machang Bubuk,,Malaysian Islamic Party,Parti Islam Se-Malaysia,PAS,,,,,,,
P045/N14,Machang Bubuk,Machang Bubuk,Tan Teik Cheng,Tan Teik Cheng,GE14 Candidate for Pulau Pinang Assembly,,GE14 Candidate State Representative for Machang Bubuk,,National Front,Barisan Nasional,MCA,,,,,,,
P045/N14,Machang Bubuk,Machang Bubuk,Tang Ah Ba,Tang Ah Ba,GE14 Candidate for Pulau Pinang Assembly,,GE14 Candidate State Representative for Machang Bubuk,,Malaysian People's Party,Parti Rakyat Malaysia,PRM,,,,,,,
P045/N15,Padang Lalang,Padang Lalang,Chong Eng,Chong Eng,GE14 Candidate for Pulau Pinang Assembly,,GE14 Candidate State Representative for Padang Lalang,,People’s Justice Party,Parti Keadilan Rakyat,DAP,,,,,,,
P045/N15,Padang Lalang,Padang Lalang,Kuan Hin Yeep,Kuan Hin Yeep,GE14 Candidate for Pulau Pinang Assembly,,GE14 Candidate State Representative for Padang Lalang,,National Front,Barisan Nasional,MCA,,,,,,,
P045/N15,Padang Lalang,Padang Lalang,Lai Yean Nee,Lai Yean Nee,GE14 Candidate for Pulau Pinang Assembly,,GE14 Candidate State Representative for Padang Lalang,,Malaysian People's Party,Parti Rakyat Malaysia,PRM,,,,,,,
P045/N15,Padang Lalang,Padang Lalang,Liew Ee Jin,Liew Ee Jin,GE14 Candidate for Pulau Pinang Assembly,,GE14 Candidate State Representative for Padang Lalang,,Penang Front Party,Penang Front Party,PFP,,,,,,,
P046/N16,Perai,Perai,Asoghan Govindaraju,Asoghan A/L Govindaraju,GE14 Candidate for Pulau Pinang Assembly,,GE14 Candidate State Representative for Perai,,People's Alternative Party,Parti Alternatif Rakyat,PAP,,,,,,,
P046/N16,Perai,Perai,Kumary Retnam,Kumary Retnam,GE14 Candidate for Pulau Pinang Assembly,,GE14 Candidate State Representative for Perai,,Independent,Bebas,,,,,,,,
P046/N16,Perai,Perai,Ooi Khar Giap,Ooi Khar Giap,GE14 Candidate for Pulau Pinang Assembly,,GE14 Candidate State Representative for Perai,,Penang Front Party,Penang Front Party,PFP,,,,,,,
P046/N16,Perai,Perai,P. Ramasamy Palanisamy,P. Ramasamy A/L Palanisamy,GE14 Candidate for Pulau Pinang Assembly,,GE14 Candidate State Representative for Perai,,People’s Justice Party,Parti Keadilan Rakyat,DAP,,,,,,,
P046/N16,Perai,Perai,Samuganathan Muniandy,Samuganathan Muniandy,GE14 Candidate for Pulau Pinang Assembly,,GE14 Candidate State Representative for Perai,,Malaysian People's Party,Parti Rakyat Malaysia,PRM,,,,,,,
P046/N16,Perai,Perai,Suresh Muniandy,Suresh Muniandy,GE14 Candidate for Pulau Pinang Assembly,,GE14 Candidate State Representative for Perai,,National Front,Barisan Nasional,MIC,,,,,,,
P046/N17,Bukit Tengah,Bukit Tengah,Edward Joseph,Edward Joseph,GE14 Candidate for Pulau Pinang Assembly,,GE14 Candidate State Representative for Bukit Tengah,,Penang Front Party,Penang Front Party,PFP,,,,,,,
P046/N17,Bukit Tengah,Bukit Tengah,Gooi Hsiao-Leung,Gooi Hsiao-Leung,GE14 Candidate for Pulau Pinang Assembly,,GE14 Candidate State Representative for Bukit Tengah,,People’s Justice Party,Parti Keadilan Rakyat,PKR,,,,,,,
P046/N17,Bukit Tengah,Bukit Tengah,Norazman Ishak,Norazman Bin Ishak,GE14 Candidate for Pulau Pinang Assembly,,GE14 Candidate State Representative for Bukit Tengah,,Malaysian Islamic Party,Parti Islam Se-Malaysia,PAS,,,,,,,
P046/N17,Bukit Tengah,Bukit Tengah,Tang Hiang Lye,Tang Hiang Lye,GE14 Candidate for Pulau Pinang Assembly,,GE14 Candidate State Representative for Bukit Tengah,,Malaysian People's Party,Parti Rakyat Malaysia,PRM,,,,,,,
P046/N17,Bukit Tengah,Bukit Tengah,Thor Teong Gee,Thor Teong Gee,GE14 Candidate for Pulau Pinang Assembly,,GE14 Candidate State Representative for Bukit Tengah,,National Front,Barisan Nasional,GERAKAN,,,,,,,
P046/N18,Bukit Tambun,Bukit Tambun,Goh Bee Koon,Goh Bee Koon,GE14 Candidate for Pulau Pinang Assembly,,GE14 Candidate State Representative for Bukit Tambun,,Malaysian People's Party,Parti Rakyat Malaysia,PRM,,,,,,,
P046/N18,Bukit Tambun,Bukit Tambun,Goh Choon Aik,Goh Choon Aik,GE14 Candidate for Pulau Pinang Assembly,,GE14 Candidate State Representative for Bukit Tambun,,People’s Justice Party,Parti Keadilan Rakyat,PKR,,,,,,,
P046/N18,Bukit Tambun,Bukit Tambun,Hartini Tan Abdullah,Hartini Tan Binti Abdullah,GE14 Candidate for Pulau Pinang Assembly,,GE14 Candidate State Representative for Bukit Tambun,,National Front,Barisan Nasional,GERAKAN,,,,,,,
P046/N18,Bukit Tambun,Bukit Tambun,Kumaravelu Arumugam,Kumaravelu A/L Arumugam,GE14 Candidate for Pulau Pinang Assembly,,GE14 Candidate State Representative for Bukit Tambun,,Malaysian Islamic Party,Parti Islam Se-Malaysia,PAS,,,,,,,
P046/N18,Bukit Tambun,Bukit Tambun,Ong Seong Lu,Ong Seong Lu,GE14 Candidate for Pulau Pinang Assembly,,GE14 Candidate State Representative for Bukit Tambun,,Penang Front Party,Penang Front Party,PFP,,,,,,,
P047/N19,Jawi,Jawi,Daphne Edward,Daphne A/P Edward,GE14 Candidate for Pulau Pinang Assembly,,GE14 Candidate State Representative for Jawi,,Penang Front Party,Penang Front Party,PFP,,,,,,,
P047/N19,Jawi,Jawi,H'ng Mooi Lye,H'ng Mooi Lye,GE14 Candidate for Pulau Pinang Assembly,,GE14 Candidate State Representative for Jawi,,People’s Justice Party,Parti Keadilan Rakyat,DAP,,,,,,,
P047/N19,Jawi,Jawi,Kiew Hen Chong,Kiew Hen Chong,GE14 Candidate for Pulau Pinang Assembly,,GE14 Candidate State Representative for Jawi,,National Front,Barisan Nasional,UMNO,,,,,,,
P047/N19,Jawi,Jawi,Koay Xing Boon,Koay Xing Boon,GE14 Candidate for Pulau Pinang Assembly,,GE14 Candidate State Representative for Jawi,,Malaysian United Party,Parti Bersama Malaysia,MU,,,,,,,
P047/N19,Jawi,Jawi,Tan Beng Huat,Tan Beng Huat,GE14 Candidate for Pulau Pinang Assembly,,GE14 Candidate State Representative for Jawi,,People's Alternative Party,Parti Alternatif Rakyat,PAP,,,,,,,
P047/N19,Jawi,Jawi,Tan Chew Suan,Tan Chew Suan,GE14 Candidate for Pulau Pinang Assembly,,GE14 Candidate State Representative for Jawi,,Malaysian People's Party,Parti Rakyat Malaysia,PRM,,,,,,,
P047/N20,Sungai Bakap,Sungai Bakap,Amar Pritpal Abdullah,Amar Pritpal Bin Abdullah,GE14 Candidate for Pulau Pinang Assembly,,GE14 Candidate State Representative for Sungai Bakap,,People’s Justice Party,Parti Keadilan Rakyat,PKR,,,,,,,
P047/N20,Sungai Bakap,Sungai Bakap,Mohamed Sani Bakar,Mohamed Sani Bin Bakar,GE14 Candidate for Pulau Pinang Assembly,,GE14 Candidate State Representative for Sungai Bakap,,National Front,Barisan Nasional,UMNO,,,,,,,
P047/N20,Sungai Bakap,Sungai Bakap,Osman Jaafar,Osman Bin Jaafar,GE14 Candidate for Pulau Pinang Assembly,,GE14 Candidate State Representative for Sungai Bakap,,Malaysian Islamic Party,Parti Islam Se-Malaysia,PAS,,,,,,,
P047/N20,Sungai Bakap,Sungai Bakap,Tan Joon Long @ Tan Chow Kang,Tan Joon Long @ Tan Chow Kang,GE14 Candidate for Pulau Pinang Assembly,,GE14 Candidate State Representative for Sungai Bakap,,Malaysian People's Party,Parti Rakyat Malaysia,PRM,,,,,,,
P047/N21,Sungai Acheh,Sungai Acheh,Mahmud Zakaria,Mahmud Bin Zakaria,GE14 Candidate for Pulau Pinang Assembly,,GE14 Candidate State Representative for Sungai Acheh,,National Front,Barisan Nasional,UMNO,,,,,,,
P047/N21,Sungai Acheh,Sungai Acheh,Nor Zamri Latiff,Nor Zamri Bin Latiff,GE14 Candidate for Pulau Pinang Assembly,,GE14 Candidate State Representative for Sungai Acheh,,Malaysian Islamic Party,Parti Islam Se-Malaysia,PAS,,,,,,,
P047/N21,Sungai Acheh,Sungai Acheh,Zulkifli Ibrahim,Zulkifli Bin Ibrahim,GE14 Candidate for Pulau Pinang Assembly,,GE14 Candidate State Representative for Sungai Acheh,,People’s Justice Party,Parti Keadilan Rakyat,PKR,,,,,,,
P048/N22,Tanjong Bunga,Tanjong Bunga,Chua Cheong Wee,Chua Cheong Wee,GE14 Candidate for Pulau Pinang Assembly,,GE14 Candidate State Representative for Tanjong Bunga,,Malaysian People's Party,Parti Rakyat Malaysia,PRM,,,,,,,
P048/N22,Tanjong Bunga,Tanjong Bunga,Lee Zheng Yong,Lee Zheng Yong,GE14 Candidate for Pulau Pinang Assembly,,GE14 Candidate State Representative for Tanjong Bunga,,Malaysian United Party,Parti Bersama Malaysia,MU,,,,,,,
P048/N22,Tanjong Bunga,Tanjong Bunga,Teng Chang Yeow,Teng Chang Yeow,GE14 Candidate for Pulau Pinang Assembly,,GE14 Candidate State Representative for Tanjong Bunga,,National Front,Barisan Nasional,GERAKAN,,,,,,,
P048/N22,Tanjong Bunga,Tanjong Bunga,Zairil Khir Johari,Zairil Khir Johari,GE14 Candidate for Pulau Pinang Assembly,,GE14 Candidate State Representative for Tanjong Bunga,,People’s Justice Party,Parti Keadilan Rakyat,DAP,,,,,,,
P048/N23,Air Putih,Air Putih,Lim Guan Eng,Lim Guan Eng,GE14 Candidate for Pulau Pinang Assembly,,GE14 Candidate State Representative for Air Putih,,People’s Justice Party,Parti Keadilan Rakyat,DAP,,,,,,,
P048/N23,Air Putih,Air Putih,Manikandan Ramayah,Manikandan A/L Ramayah,GE14 Candidate for Pulau Pinang Assembly,,GE14 Candidate State Representative for Air Putih,,Love Malaysia Party,Parti Cinta Malaysia,PCM,,,,,,,
P048/N23,Air Putih,Air Putih,Tan Gin Theam,Tan Gin Theam,GE14 Candidate for Pulau Pinang Assembly,,GE14 Candidate State Representative for Air Putih,,Malaysian United Party,Parti Bersama Malaysia,MU,,,,,,,
P048/N23,Air Putih,Air Putih,Tang Heap Seng,Tang Heap Seng,GE14 Candidate for Pulau Pinang Assembly,,GE14 Candidate State Representative for Air Putih,,National Front,Barisan Nasional,MCA,,,,,,,
P048/N24,Kebun Bunga,Kebun Bunga,Ong Khan Lee,Ong Khan Lee,GE14 Candidate for Pulau Pinang Assembly,,GE14 Candidate State Representative for Kebun Bunga,,People’s Justice Party,Parti Keadilan Rakyat,PKR,,,,,,,
P048/N24,Kebun Bunga,Kebun Bunga,Ooi Zhi Yi,Ooi Zhi Yi,GE14 Candidate for Pulau Pinang Assembly,,GE14 Candidate State Representative for Kebun Bunga,,National Front,Barisan Nasional,GERAKAN,,,,,,,
P048/N24,Kebun Bunga,Kebun Bunga,Wu Kai Min,Wu Kai Min,GE14 Candidate for Pulau Pinang Assembly,,GE14 Candidate State Representative for Kebun Bunga,,Malaysian United Party,Parti Bersama Malaysia,MU,,,,,,,
P048/N25,Pulau Tikus,Pulau Tikus,Lee Chun Kit,Lee Chun Kit,GE14 Candidate for Pulau Pinang Assembly,,GE14 Candidate State Representative for Pulau Tikus,,People’s Justice Party,Parti Keadilan Rakyat,DAP,,,,,,,
P048/N25,Pulau Tikus,Pulau Tikus,Loo Jieh Sheng,Loo Jieh Sheng,GE14 Candidate for Pulau Pinang Assembly,,GE14 Candidate State Representative for Pulau Tikus,,National Front,Barisan Nasional,GERAKAN,,,,,,,
P048/N25,Pulau Tikus,Pulau Tikus,Wee Kean Wai,Wee Kean Wai,GE14 Candidate for Pulau Pinang Assembly,,GE14 Candidate State Representative for Pulau Tikus,,Malaysian United Party,Parti Bersama Malaysia,MU,,,,,,,
P049/N26,Padang Kota,Padang Kota,Chow Kon Yeow,Chow Kon Yeow,GE14 Candidate for Pulau Pinang Assembly,,GE14 Candidate State Representative for Padang Kota,,People’s Justice Party,Parti Keadilan Rakyat,DAP,,,,,,,
P049/N26,Padang Kota,Padang Kota,Goh Saik Wei,Goh Saik Wei,GE14 Candidate for Pulau Pinang Assembly,,GE14 Candidate State Representative for Padang Kota,,Malaysian United Party,Parti Bersama Malaysia,MU,,,,,,,
P049/N26,Padang Kota,Padang Kota,H'ng Khoon Leng,H'ng Khoon Leng,GE14 Candidate for Pulau Pinang Assembly,,GE14 Candidate State Representative for Padang Kota,,National Front,Barisan Nasional,GERAKAN,,,,,,,
P049/N27,Pengkalan Kota,Pengkalan Kota,Chew Seng Tung,Chew Seng Tung,GE14 Candidate for Pulau Pinang Assembly,,GE14 Candidate State Representative for Pengkalan Kota,,Malaysian People's Party,Parti Rakyat Malaysia,PRM,,,,,,,
P049/N27,Pengkalan Kota,Pengkalan Kota,Gooi Zi Sen,Gooi Zi Sen,GE14 Candidate for Pulau Pinang Assembly,,GE14 Candidate State Representative for Pengkalan Kota,,People’s Justice Party,Parti Keadilan Rakyat,DAP,,,,,,,
P049/N27,Pengkalan Kota,Pengkalan Kota,Koay Teng Lye,Koay Teng Lye,GE14 Candidate for Pulau Pinang Assembly,,GE14 Candidate State Representative for Pengkalan Kota,,Malaysian United Party,Parti Bersama Malaysia,MU,,,,,,,
P049/N27,Pengkalan Kota,Pengkalan Kota,Lim Swee Bok,Lim Swee Bok,GE14 Candidate for Pulau Pinang Assembly,,GE14 Candidate State Representative for Pengkalan Kota,,National Front,Barisan Nasional,MCA,,,,,,,
P049/N27,Pengkalan Kota,Pengkalan Kota,Ragindran Sivasamy,Ragindran A/L Sivasamy,GE14 Candidate for Pulau Pinang Assembly,,GE14 Candidate State Representative for Pengkalan Kota,,Independent,Bebas,,,,,,,,
P049/N28,Komtar,Komtar,Ong Chun Jiet,Ong Chun Jiet,GE14 Candidate for Pulau Pinang Assembly,,GE14 Candidate State Representative for Komtar,,Malaysian United Party,Parti Bersama Malaysia,MU,,,,,,,
P049/N28,Komtar,Komtar,Tan Hing Teik,Tan Hing Teik,GE14 Candidate for Pulau Pinang Assembly,,GE14 Candidate State Representative for Komtar,,National Front,Barisan Nasional,MCA,,,,,,,
P049/N28,Komtar,Komtar,Teh Lai Heng,Teh Lai Heng,GE14 Candidate for Pulau Pinang Assembly,,GE14 Candidate State Representative for Komtar,,People’s Justice Party,Parti Keadilan Rakyat,DAP,,,,,,,
P050/N29,Datok Keramat,Datok Keramat,Jagdeep Singh Deo Karpal Singh,Jagdeep Singh Deo A/L Karpal Singh,GE14 Candidate for Pulau Pinang Assembly,,GE14 Candidate State Representative for Datok Keramat,,People’s Justice Party,Parti Keadilan Rakyat,DAP,,,,,,,
P050/N29,Datok Keramat,Datok Keramat,Lee Boon Ten,Lee Boon Ten,GE14 Candidate for Pulau Pinang Assembly,,GE14 Candidate State Representative for Datok Keramat,,National Front,Barisan Nasional,GERAKAN,,,,,,,
P050/N29,Datok Keramat,Datok Keramat,Lim Boo Chang,Lim Boo Chang,GE14 Candidate for Pulau Pinang Assembly,,GE14 Candidate State Representative for Datok Keramat,,Malaysian United Party,Parti Bersama Malaysia,MU,,,,,,,
P050/N29,Datok Keramat,Datok Keramat,Muhammad Majnun Abdul Wahab,Muhammad Majnun Bin Abdul Wahab,GE14 Candidate for Pulau Pinang Assembly,,GE14 Candidate State Representative for Datok Keramat,,Independent,Bebas,,,,,,,,
P050/N29,Datok Keramat,Datok Keramat,Nicholas Diane Morgan,Nicholas Diane A/L Morgan,GE14 Candidate for Pulau Pinang Assembly,,GE14 Candidate State Representative for Datok Keramat,,Penang Front Party,Penang Front Party,PFP,,,,,,,
P050/N30,Sungai Pinang,Sungai Pinang,Lim Siew Khim,Lim Siew Khim,GE14 Candidate for Pulau Pinang Assembly,,GE14 Candidate State Representative for Sungai Pinang,,People’s Justice Party,Parti Keadilan Rakyat,DAP,,,,,,,
P050/N30,Sungai Pinang,Sungai Pinang,Mohamed Yacoob Mohamed Noor,Mohamed Yacoob Bin Mohamed Noor,GE14 Candidate for Pulau Pinang Assembly,,GE14 Candidate State Representative for Sungai Pinang,,Independent,Bebas,,,,,,,,
P050/N30,Sungai Pinang,Sungai Pinang,Ng Fook On,Ng Fook On,GE14 Candidate for Pulau Pinang Assembly,,GE14 Candidate State Representative for Sungai Pinang,,National Front,Barisan Nasional,GERAKAN,,,,,,,
P050/N30,Sungai Pinang,Sungai Pinang,Tan Sim Bee,Tan Sim Bee,GE14 Candidate for Pulau Pinang Assembly,,GE14 Candidate State Representative for Sungai Pinang,,Malaysian United Party,Parti Bersama Malaysia,MU,,,,,,,
P050/N30,Sungai Pinang,Sungai Pinang,Teh Yee Cheu,Teh Yee Cheu,GE14 Candidate for Pulau Pinang Assembly,,GE14 Candidate State Representative for Sungai Pinang,,Socialist Party of Malaysia,Parti Sosialis Malaysia,PSM,,,,,,,
P050/N30,Sungai Pinang,Sungai Pinang,Yacoob Omar,Yacoob Bin Omar,GE14 Candidate for Pulau Pinang Assembly,,GE14 Candidate State Representative for Sungai Pinang,,Malaysian Islamic Party,Parti Islam Se-Malaysia,PAS,,,,,,,
P050/N31,Batu Lancang,Batu Lancang,Kee Lean Ee,Kee Lean Ee,GE14 Candidate for Pulau Pinang Assembly,,GE14 Candidate State Representative for Batu Lancang,,Malaysian United Party,Parti Bersama Malaysia,MU,,,,,,,
P050/N31,Batu Lancang,Batu Lancang,Koo Pei Chee,Koo Pei Chee,GE14 Candidate for Pulau Pinang Assembly,,GE14 Candidate State Representative for Batu Lancang,,National Front,Barisan Nasional,GERAKAN,,,,,,,
P050/N31,Batu Lancang,Batu Lancang,Ong Ah Teong,Ong Ah Teong,GE14 Candidate for Pulau Pinang Assembly,,GE14 Candidate State Representative for Batu Lancang,,People’s Justice Party,Parti Keadilan Rakyat,DAP,,,,,,,
P051/N32,Seri Delima,Seri Delima,Khoo Kay Teong,Khoo Kay Teong,GE14 Candidate for Pulau Pinang Assembly,,GE14 Candidate State Representative for Seri Delima,,National Front,Barisan Nasional,MCA,,,,,,,
P051/N32,Seri Delima,Seri Delima,Syerleena Abdul Rashid,Syerleena Binti Abdul Rashid,GE14 Candidate for Pulau Pinang Assembly,,GE14 Candidate State Representative for Seri Delima,,People's Justice Party,Parti Keadilan Rakyat,DAP,,,,,,,
P051/N32,Seri Delima,Seri Delima,Tan Yang Yung,Tan Yang Yung,GE14 Candidate for Pulau Pinang Assembly,,GE14 Candidate State Representative for Seri Delima,,Malaysian United Party,Parti Bersama Malaysia,MU,,,,,,,
P051/N33,Air Itam,Air Itam,Joseph Ng Soon Siang,Joseph Ng Soon Siang,GE14 Candidate for Pulau Pinang Assembly,,GE14 Candidate State Representative for Air Itam,,People’s Justice Party,Parti Keadilan Rakyat,DAP,,,,,,,
P051/N33,Air Itam,Air Itam,Kang Teik Woi,Kang Teik Woi,GE14 Candidate for Pulau Pinang Assembly,,GE14 Candidate State Representative for Air Itam,,Malaysian United Party,Parti Bersama Malaysia,MU,,,,,,,
P051/N33,Air Itam,Air Itam,Tan Kah Leong,Tan Kah Leong,GE14 Candidate for Pulau Pinang Assembly,,GE14 Candidate State Representative for Air Itam,,National Front,Barisan Nasional,GERAKAN,,,,,,,
P051/N34,Paya Terubong,Paya Terubong,Kuan Aun Wan,Kuan Aun Wan,GE14 Candidate for Pulau Pinang Assembly,,GE14 Candidate State Representative for Paya Terubong,,Malaysian United Party,Parti Bersama Malaysia,MU,,,,,,,
P051/N34,Paya Terubong,Paya Terubong,Wong Chin Chong,Wong Chin Chong,GE14 Candidate for Pulau Pinang Assembly,,GE14 Candidate State Representative for Paya Terubong,,National Front,Barisan Nasional,MCA,,,,,,,
P051/N34,Paya Terubong,Paya Terubong,Yeoh Soon Hin,Yeoh Soon Hin,GE14 Candidate for Pulau Pinang Assembly,,GE14 Candidate State Representative for Paya Terubong,,People's Justice Party,Parti Keadilan Rakyat,DAP,,,,,,,
P052/N35,Batu Uban,Batu Uban,Hng Chee Wey,Hng Chee Wey,GE14 Candidate for Pulau Pinang Assembly,,GE14 Candidate State Representative for Batu Uban,,National Front,Barisan Nasional,GERAKAN,,,,,,,
P052/N35,Batu Uban,Batu Uban,Kumaresan Aramugam,Kumaresan A/L Aramugam,GE14 Candidate for Pulau Pinang Assembly,,GE14 Candidate State Representative for Batu Uban,,People's Justice Party,Parti Keadilan Rakyat,PKR,,,,,,,
P052/N35,Batu Uban,Batu Uban,Teoh Kean Liang,Teoh Kean Liang,GE14 Candidate for Pulau Pinang Assembly,,GE14 Candidate State Representative for Batu Uban,,Penang Front Party,Penang Front Party,PFP,,,,,,,
P052/N35,Batu Uban,Batu Uban,Teoh Kok Siang,Teoh Kok Siang,GE14 Candidate for Pulau Pinang Assembly,,GE14 Candidate State Representative for Batu Uban,,Malaysian United Party,Parti Bersama Malaysia,MU,,,,,,,
P052/N35,Batu Uban,Batu Uban,Vikneswaran Muniandy,Vikneswaran A/L Muniandy,GE14 Candidate for Pulau Pinang Assembly,,GE14 Candidate State Representative for Batu Uban,,Malaysian Islamic Party,Parti Islam Se-Malaysia,PAS,,,,,,,
P052/N36,Pantai Jerejak,Pantai Jerejak,Mohd Farhan Yusri,Mohd Farhan Bin Yusri,GE14 Candidate for Pulau Pinang Assembly,,GE14 Candidate State Representative for Pantai Jerejak,,Malaysian Islamic Party,Parti Islam Se-Malaysia,PAS,,,,,,,
P052/N36,Pantai Jerejak,Pantai Jerejak,Oh Tong Keong,Oh Tong Keong,GE14 Candidate for Pulau Pinang Assembly,,GE14 Candidate State Representative for Pantai Jerejak,,National Front,Barisan Nasional,GERAKAN,,,,,,,
P052/N36,Pantai Jerejak,Pantai Jerejak,Saifuddin Nasution Ismail,Saifuddin Nasution Bin Ismail,GE14 Candidate for Pulau Pinang Assembly,,GE14 Candidate State Representative for Pantai Jerejak,,People's Justice Party,Parti Keadilan Rakyat,PKR,,,,,,,
P052/N36,Pantai Jerejak,Pantai Jerejak,Yim Boon Leong,Yim Boon Leong,GE14 Candidate for Pulau Pinang Assembly,,GE14 Candidate State Representative for Pantai Jerejak,,Malaysian United Party,Parti Bersama Malaysia,MU,,,,,,,
P052/N37,Batu Maung,Batu Maung,Abdul Halim Hussain,Abdul Halim Hussain,GE14 Candidate for Pulau Pinang Assembly,,GE14 Candidate State Representative for Batu Maung,,People's Justice Party,Parti Keadilan Rakyat,PKR,,,,,,,
P052/N37,Batu Maung,Batu Maung,Liakat Ali Mohamed Ali,Liakat Ali Bin Mohamed Ali,GE14 Candidate for Pulau Pinang Assembly,,GE14 Candidate State Representative for Batu Maung,,National Front,Barisan Nasional,UMNO,,,,,,,
P052/N37,Batu Maung,Batu Maung,Saiful Lizan Md Yusoff,Saiful Lizan Bin Md Yusoff,GE14 Candidate for Pulau Pinang Assembly,,GE14 Candidate State Representative for Batu Maung,,Malaysian Islamic Party,Parti Islam Se-Malaysia,PAS,,,,,,,
P053/N38,Bayan Lepas,Bayan Lepas,Azrul Mahathir Aziz,Azrul Mahathir Bin Aziz,GE14 Candidate for Pulau Pinang Assembly,,GE14 Candidate State Representative for Bayan Lepas,,People's Justice Party,Parti Keadilan Rakyat,AMANAH,,,,,,,
P053/N38,Bayan Lepas,Bayan Lepas,Rusli Hashim,Rusli Bin Hashim,GE14 Candidate for Pulau Pinang Assembly,,GE14 Candidate State Representative for Bayan Lepas,,National Front,Barisan Nasional,UMNO,,,,,,,
P053/N38,Bayan Lepas,Bayan Lepas,Zarina Shinta Madar,Zarina BInti Shinta Madar,GE14 Candidate for Pulau Pinang Assembly,,GE14 Candidate State Representative for Bayan Lepas,,Malaysian Islamic Party,Parti Islam Se-Malaysia,PAS,,,,,,,
P053/N39,Pulau Betong,Pulau Betong,Mohd Taufik Hashim,Mohd Taufik Bin Hashim,GE14 Candidate for Pulau Pinang Assembly,,GE14 Candidate State Representative for Pulau Betong,,Malaysian Islamic Party,Parti Islam Se-Malaysia,PAS,,,,,,,
P053/N39,Pulau Betong,Pulau Betong,Mohd Tuah Ismail,Mohd Tuah Bin Ismail,GE14 Candidate for Pulau Pinang Assembly,,GE14 Candidate State Representative for Pulau Betong,,People's Justice Party,Parti Keadilan Rakyat,PKR,,,,,,,
P053/N39,Pulau Betong,Pulau Betong,Muhamad Farid Saad,Muhamad Farid Bin Saad,GE14 Candidate for Pulau Pinang Assembly,,GE14 Candidate State Representative for Pulau Betong,,National Front,Barisan Nasional,UMNO,,,,,,,
P053/N39,Pulau Betong,Pulau Betong,Yeoh Cheng Huat,Yeoh Cheng Huat,GE14 Candidate for Pulau Pinang Assembly,,GE14 Candidate State Representative for Pulau Betong,,Malaysian People's Party,Parti Rakyat Malaysia,PRM,,,,,,,
P053/N40,Telok Bahang,Telok Bahang,Mohd Ali Othman,Mohd Ali Bin Othman,GE14 Candidate for Pulau Pinang Assembly,,GE14 Candidate State Representative for Telok Bahang,,Malaysian Islamic Party,Parti Islam Se-Malaysia,PAS,,,,,,,
P053/N40,Telok Bahang,Telok Bahang,Shah Headan Ayoob Hussain Shah,Shah Headan BIn Ayoob Hussain Shah,GE14 Candidate for Pulau Pinang Assembly,,GE14 Candidate State Representative for Telok Bahang,,National Front,Barisan Nasional,UMNO,,,,,,,
P053/N40,Telok Bahang,Telok Bahang,Zolkifly Md Lazim,Zolkifly Bin Md Lazim,GE14 Candidate for Pulau Pinang Assembly,,GE14 Candidate State Representative for Telok Bahang,,People’s Justice Party,Parti Keadilan Rakyat,PPBM,,,,,,,